FullName,LastName,FirstName,SubmissionWins,PinWins,Losses,Champ,Streak
Amalie Townley,Townley,Amalie,3,2,3,0,-1
Brianna Bentley,Bentley,Brianna,1,0,6,0,-1
Brooke Kreuger,Kreuger,Brooke,2,1,4,0,-1
Camille Levigne,Levigne,Camille,1,2,4,0,-2
Candace Deans,Deans,Candace,1,0,5,0,-2
Carla Weber,Weber,Carla,3,0,6,0,1
Cynthia Matthews,Matthews,Cynthia,4,2,1,1,6
Devon Davenport,Davenport,Devon,5,1,1,0,6
Elena Santiago,Santiago,Elena,2,0,5,0,-2
Hana Yamakawa,Yamakawa,Hana,0,0,1,0,-1
Harper Walker-Griffon,Walker-Griffon,Harper,1,1,4,0,1
Heather Flynn,Flynn,Heather,1,0,0,0,1
Heidi Thomas,Thomas,Heidi,1,0,5,0,-5
Holly Petersen,Petersen,Holly,0,3,5,0,-3
Isabella Garcia,Garcia,Isabella,4,2,3,0,1
Janie Robbins,Robbins,Janie,4,1,3,0,2
Jennifer Watson,Watson,Jennifer,1,2,5,0,-3
Jessica Barker,Barker,Jessica,1,2,5,0,-1
Joline Willis,Willis,Joline,1,0,6,0,-3
Kaitlyn Morrisey,Morrisey,Kaitlyn,1,0,6,0,1
Karen Patten,Patten,Karen,4,1,4,0,-1
Krystyna Zielinski,Zielinski,Krystyna,3,0,4,0,2
Laura O'Brien,O'Brien,Laura,3,2,1,0,4
Leah Cunningham,Cunningham,Leah,0,0,1,0,-1
Makayla Layne,Layne,Makayla,0,2,5,0,1
Mckenzie O'Brien,O'Brien,Mckenzie,4,0,2,0,4
Raye Larssen,Larssen,Raye,7,1,1,0,6
Rebecca Davis,Davis,Rebecca,1,3,4,0,1
Sharon Ash,Ash,Sharon,1,0,0,0,1
Stacy Adams,Adams,Stacy,2,0,4,0,1
Stephanie Ellington,Ellington,Stephanie,7,1,2,0,1
Vikki Ryan,Ryan,Vikki,6,3,1,0,1
